{
	"N": 2,
	"L": [
		[-1,  2, -1, -1,  2, -1],
		[ 1, -2,  1,  1, -2,  1],
		[ 0, -1,  1,  1, -1,  0],
		[ 0,  0,  0,  2, -4,  2]
	     ],
	"a": [
		0.333333333333333333333333333333333333333333333333,
		0.333333333333333333333333333333333333333333333333,
		0.333333333333333333333333333333333333333333333333,
		0.333333333333333333333333333333333333333333333333,
		0.333333333333333333333333333333333333333333333333,
		0.333333333333333333333333333333333333333333333333
	     ],
	"triangulation_name": "cPcbbbiht"
}
